Const,Your Rating,Date Rated,Title,URL,Title Type,IMDb Rating,Runtime (mins),Year,Genres,Num Votes,Release Date,Directors
tt1014759,5,1/16/2020,Alice in Wonderland,https://www.imdb.com/title/tt1014759/,movie,6.4,108,2010,"Adventure, Family, Fantasy, Mystery",426039,2/25/2010,Tim Burton
tt0101540,8,9/12/2022,Cape Fear,https://www.imdb.com/title/tt0101540/,movie,7.3,128,1991,"Crime, Thriller",204632,10/6/1991,Martin Scorsese
tt1024648,7,3/26/2023,Argo,https://www.imdb.com/title/tt1024648/,movie,7.7,120,2012,"Biography, Drama, Thriller",625463,8/31/2012,Ben Affleck
tt0102926,8,10/21/2019,The Silence of the Lambs,https://www.imdb.com/title/tt0102926/,movie,8.6,118,1991,"Crime, Drama, Thriller",1470152,1/30/1991,Jonathan Demme
tt0103064,6,2/13/2020,Terminator 2: Judgment Day,https://www.imdb.com/title/tt0103064/,movie,8.6,137,1991,"Action, Sci-Fi",1125082,7/1/1991,James Cameron
tt1049413,7,3/3/2020,Up,https://www.imdb.com/title/tt1049413/,movie,8.3,96,2009,"Animation, Adventure, Comedy, Drama, Family",1071718,5/13/2009,"Pete Docter, Bob Peterson"
tt0105236,8,10/16/2019,Reservoir Dogs,https://www.imdb.com/title/tt0105236/,movie,8.3,99,1992,"Crime, Thriller",1044516,1/21/1992,Quentin Tarantino
tt10551256,4,3/23/2021,Age of Samurai: Battle for Japan,https://www.imdb.com/title/tt10551256/,tvMiniSeries,7.4,44,2021,"Documentary, Action, Adventure, Drama, History, War",4617,2/24/2021,
tt0105695,9,2/15/2022,Unforgiven,https://www.imdb.com/title/tt0105695/,movie,8.2,130,1992,"Drama, Western",421502,8/3/1992,Clint Eastwood
tt10640346,8,3/11/2023,Babylon,https://www.imdb.com/title/tt10640346/,movie,7.2,189,2022,"Comedy, Drama, History",120452,12/15/2022,Damien Chazelle
tt0106489,9,10/3/2022,A Bronx Tale,https://www.imdb.com/title/tt0106489/,movie,7.8,121,1993,"Crime, Drama",149137,9/9/1993,Robert De Niro
tt0107290,6,12/3/2020,Jurassic Park,https://www.imdb.com/title/tt0107290/,movie,8.2,127,1993,"Action, Adventure, Sci-Fi, Thriller",1015885,6/9/1993,Steven Spielberg
tt1074638,5,5/9/2020,Skyfall,https://www.imdb.com/title/tt1074638/,movie,7.8,143,2012,"Action, Adventure, Thriller",710548,10/23/2012,Sam Mendes
tt0108052,9,10/16/2019,Schindler's List,https://www.imdb.com/title/tt0108052/,movie,9,195,1993,"Biography, Drama, History",1387425,11/30/1993,Steven Spielberg
tt10838180,4,12/27/2021,The Matrix Resurrections,https://www.imdb.com/title/tt10838180/,movie,5.7,148,2021,"Action, Sci-Fi",261771,12/16/2021,Lana Wachowski
tt10919420,7,10/27/2021,Ojing-eo geim,https://www.imdb.com/title/tt10919420/,tvSeries,8,55,2021,"Action, Drama, Mystery, Thriller",480186,9/17/2021,
tt0109830,8,11/4/2019,Forrest Gump,https://www.imdb.com/title/tt0109830/,movie,8.8,142,1994,"Drama, Romance",2140389,6/23/1994,Robert Zemeckis
tt0110357,8,11/3/2019,The Lion King,https://www.imdb.com/title/tt0110357/,movie,8.5,88,1994,"Animation, Adventure, Drama, Family, Musical",1087620,6/12/1994,"Rob Minkoff, Roger Allers"
tt0110413,9,10/19/2019,Léon,https://www.imdb.com/title/tt0110413/,movie,8.5,110,1994,"Action, Crime, Drama, Thriller",1191474,9/14/1994,Luc Besson
tt0110475,4,6/6/2020,The Mask,https://www.imdb.com/title/tt0110475/,movie,6.9,101,1994,"Action, Comedy, Crime, Fantasy",399897,7/28/1994,Chuck Russell
tt0110912,10,10/16/2019,Pulp Fiction,https://www.imdb.com/title/tt0110912/,movie,8.9,154,1994,"Crime, Drama",2113587,5/21/1994,Quentin Tarantino
tt0111161,10,10/16/2019,The Shawshank Redemption,https://www.imdb.com/title/tt0111161/,movie,9.3,142,1994,Drama,2751362,9/10/1994,Frank Darabont
tt0112471,2,7/3/2022,Before Sunrise,https://www.imdb.com/title/tt0112471/,movie,8.1,101,1995,"Drama, Romance",321092,1/19/1995,Richard Linklater
tt0112573,8,8/24/2020,Braveheart,https://www.imdb.com/title/tt0112573/,movie,8.3,178,1995,"Biography, Drama, History, War",1057002,5/18/1995,Mel Gibson
tt11286314,7,1/15/2022,Don't Look Up,https://www.imdb.com/title/tt11286314/,movie,7.2,138,2021,"Comedy, Drama, Sci-Fi",559413,12/5/2021,Adam McKay
tt1130884,8,10/30/2019,Shutter Island,https://www.imdb.com/title/tt1130884/,movie,8.2,138,2010,"Mystery, Thriller",1364180,2/13/2010,Martin Scorsese
tt1132626,6,1/4/2020,Saw V,https://www.imdb.com/title/tt1132626/,movie,5.8,92,2008,"Horror, Thriller",128964,10/23/2008,David Hackl
tt0113277,7,12/22/2021,Heat,https://www.imdb.com/title/tt0113277/,movie,8.3,170,1995,"Action, Crime, Drama",678297,12/6/1995,Michael Mann
tt0114369,7,12/21/2019,Se7en,https://www.imdb.com/title/tt0114369/,movie,8.6,127,1995,"Crime, Drama, Mystery, Thriller",1701224,9/15/1995,David Fincher
tt0114709,7,3/6/2020,Toy Story,https://www.imdb.com/title/tt0114709/,movie,8.3,81,1995,"Animation, Adventure, Comedy, Family, Fantasy",1020365,11/19/1995,John Lasseter
tt0114746,7,9/2/2022,Twelve Monkeys,https://www.imdb.com/title/tt0114746/,movie,8,129,1995,"Mystery, Sci-Fi, Thriller",630065,12/8/1995,Terry Gilliam
tt0114814,7,2/18/2020,The Usual Suspects,https://www.imdb.com/title/tt0114814/,movie,8.5,106,1995,"Crime, Drama, Mystery, Thriller",1105854,1/25/1995,Bryan Singer
tt0116282,6,7/8/2020,Fargo,https://www.imdb.com/title/tt0116282/,movie,8.1,98,1996,"Crime, Thriller",693620,3/8/1996,"Ethan Coen, Joel Coen"
tt1170358,6,10/19/2019,The Hobbit: The Desolation of Smaug,https://www.imdb.com/title/tt1170358/,movie,7.8,161,2013,Fantasy,679760,12/2/2013,Peter Jackson
tt11755740,2,8/30/2022,Texas Chainsaw Massacre,https://www.imdb.com/title/tt11755740/,movie,4.7,83,2022,"Crime, Horror, Thriller",56769,2/18/2022,David Blue Garcia
tt1179056,2,3/23/2021,A Nightmare on Elm Street,https://www.imdb.com/title/tt1179056/,movie,5.2,95,2010,"Crime, Drama, Horror, Mystery",103797,4/27/2010,Samuel Bayer
tt0118799,8,11/10/2019,La vita è bella,https://www.imdb.com/title/tt0118799/,movie,8.6,116,1997,"Comedy, Drama, Romance, War",712227,12/20/1997,Roberto Benigni
tt1189073,4,7/4/2022,La piel que habito,https://www.imdb.com/title/tt1189073/,movie,7.6,120,2011,"Drama, Horror, Mystery, Thriller",158660,5/19/2011,Pedro Almodóvar
tt0118971,8,2/18/2022,The Devil's Advocate,https://www.imdb.com/title/tt0118971/,movie,7.5,144,1997,"Drama, Mystery, Thriller",385282,10/13/1997,Taylor Hackford
tt0119174,4,9/12/2022,The Game,https://www.imdb.com/title/tt0119174/,movie,7.7,129,1997,"Drama, Mystery, Thriller",409994,9/3/1997,David Fincher
tt0119396,6,10/27/2021,Jackie Brown,https://www.imdb.com/title/tt0119396/,movie,7.5,154,1997,"Crime, Drama, Thriller",359248,12/8/1997,Quentin Tarantino
tt0119488,8,12/10/2021,L.A. Confidential,https://www.imdb.com/title/tt0119488/,movie,8.2,138,1997,"Crime, Drama, Mystery, Thriller",593829,5/14/1997,Curtis Hanson
tt0119698,7,4/15/2020,Mononoke-hime,https://www.imdb.com/title/tt0119698/,movie,8.3,134,1997,"Animation, Action, Adventure, Fantasy",407627,7/12/1997,Hayao Miyazaki
tt1199099,7,9/20/2020,Merlin,https://www.imdb.com/title/tt1199099/,tvSeries,7.9,45,2008,"Adventure, Drama, Fantasy",84416,9/20/2008,
tt1201607,8,10/19/2019,Harry Potter and the Deathly Hallows: Part 2,https://www.imdb.com/title/tt1201607/,movie,8.1,130,2011,"Adventure, Family, Fantasy, Mystery",902332,7/7/2011,David Yates
tt0120382,8,3/10/2020,The Truman Show,https://www.imdb.com/title/tt0120382/,movie,8.2,103,1998,"Comedy, Drama",1119548,6/1/1998,Peter Weir
tt0120586,9,5/9/2020,American History X,https://www.imdb.com/title/tt0120586/,movie,8.5,119,1998,"Crime, Drama",1144858,7/1/1998,Tony Kaye
tt0120616,4,12/17/2022,The Mummy,https://www.imdb.com/title/tt0120616/,movie,7.1,124,1999,"Action, Adventure, Fantasy",444364,4/16/1999,Stephen Sommers
tt0120663,8,1/5/2022,Eyes Wide Shut,https://www.imdb.com/title/tt0120663/,movie,7.5,159,1999,"Drama, Mystery, Thriller",355124,7/13/1999,Stanley Kubrick
tt0120689,9,10/16/2019,The Green Mile,https://www.imdb.com/title/tt0120689/,movie,8.6,189,1999,"Crime, Drama, Fantasy, Mystery",1337825,12/6/1999,Frank Darabont
tt0120737,8,10/16/2019,The Lord of the Rings: The Fellowship of the Ring,https://www.imdb.com/title/tt0120737/,movie,8.8,178,2001,"Action, Adventure, Drama, Fantasy",1918920,12/10/2001,Peter Jackson
tt0120802,8,10/19/2019,Le violon rouge,https://www.imdb.com/title/tt0120802/,movie,7.6,130,1998,"Drama, Music, Mystery, Romance",33777,9/3/1998,François Girard
tt0120804,5,2/4/2021,Resident Evil,https://www.imdb.com/title/tt0120804/,movie,6.6,100,2002,"Action, Horror, Sci-Fi",279027,3/12/2002,Paul W.S. Anderson
tt0120815,8,10/19/2019,Saving Private Ryan,https://www.imdb.com/title/tt0120815/,movie,8.6,169,1998,"Drama, War",1425998,7/21/1998,Steven Spielberg
tt0120820,1,11/12/2022,Senseless,https://www.imdb.com/title/tt0120820/,movie,6,93,1998,"Comedy, Romance",17177,2/20/1998,Penelope Spheeris
tt0120915,6,1/7/2020,Star Wars: Episode I - The Phantom Menace,https://www.imdb.com/title/tt0120915/,movie,6.5,136,1999,"Action, Adventure, Fantasy, Sci-Fi",826022,5/16/1999,George Lucas
tt0121765,5,1/8/2020,Star Wars: Episode II - Attack of the Clones,https://www.imdb.com/title/tt0121765/,movie,6.6,142,2002,"Action, Adventure, Fantasy, Sci-Fi",730653,5/12/2002,George Lucas
tt0121766,8,1/13/2020,Star Wars: Episode III - Revenge of the Sith,https://www.imdb.com/title/tt0121766/,movie,7.6,140,2005,"Action, Adventure, Fantasy, Sci-Fi",813188,5/12/2005,George Lucas
tt1233227,5,1/16/2020,Saw VI,https://www.imdb.com/title/tt1233227/,movie,6,90,2009,"Horror, Mystery, Thriller",116385,10/22/2009,Kevin Greutert
tt0012349,8,7/11/2020,The Kid,https://www.imdb.com/title/tt0012349/,movie,8.3,68,1921,"Comedy, Drama, Family",129517,1/16/1921,Charles Chaplin
tt0123755,3,2/24/2020,Cube,https://www.imdb.com/title/tt0123755/,movie,7.1,90,1997,"Drama, Horror, Mystery, Sci-Fi",238926,9/9/1997,Vincenzo Natali
tt12590266,7,9/16/2022,Cyberpunk: Edgerunners,https://www.imdb.com/title/tt12590266/,tvSeries,8.3,24,2022,"Animation, Action, Adventure, Crime, Sci-Fi, Thriller",60298,9/13/2022,
tt1286126,5,2/21/2022,A.R.O.G,https://www.imdb.com/title/tt1286126/,movie,7.3,127,2008,"Comedy, Fantasy, Sci-Fi",43612,12/4/2008,"Cem Yilmaz, Ali Taner Baltaci"
tt1298650,6,10/19/2019,Pirates of the Caribbean: On Stranger Tides,https://www.imdb.com/title/tt1298650/,movie,6.6,137,2011,"Action, Adventure, Fantasy",542330,5/7/2011,Rob Marshall
tt1302006,8,1/22/2020,The Irishman,https://www.imdb.com/title/tt1302006/,movie,7.8,209,2019,"Biography, Crime, Drama",404838,9/27/2019,Martin Scorsese
tt0133093,8,10/21/2019,The Matrix,https://www.imdb.com/title/tt0133093/,movie,8.7,136,1999,"Action, Sci-Fi",1961419,3/24/1999,"Lilly Wachowski, Lana Wachowski"
tt1345836,6,12/19/2019,The Dark Knight Rises,https://www.imdb.com/title/tt1345836/,movie,8.4,164,2012,"Action, Drama, Thriller",1744667,7/16/2012,Christopher Nolan
tt0137523,9,10/16/2019,Fight Club,https://www.imdb.com/title/tt0137523/,movie,8.8,139,1999,Drama,2190895,9/10/1999,David Fincher
tt1375666,9,10/20/2019,Inception,https://www.imdb.com/title/tt1375666/,movie,8.8,148,2010,"Action, Adventure, Sci-Fi, Thriller",2417872,7/8/2010,Christopher Nolan
tt1386697,5,12/19/2019,Suicide Squad,https://www.imdb.com/title/tt1386697/,movie,5.9,123,2016,"Action, Adventure, Fantasy, Sci-Fi",700113,8/1/2016,David Ayer
tt0138704,7,12/29/2019,Pi,https://www.imdb.com/title/tt0138704/,movie,7.3,84,1998,"Drama, Horror, Mystery, Sci-Fi, Thriller",182906,1/19/1998,Darren Aronofsky
tt1403865,6,1/12/2022,True Grit,https://www.imdb.com/title/tt1403865/,movie,7.6,110,2010,"Drama, Western",347534,12/14/2010,"Ethan Coen, Joel Coen"
tt14209916,1,3/23/2023,Cocaine Bear,https://www.imdb.com/title/tt14209916/,movie,6,95,2023,"Comedy, Thriller",74337,2/22/2023,Elizabeth Banks
tt0144084,8,5/11/2020,American Psycho,https://www.imdb.com/title/tt0144084/,movie,7.6,102,2000,"Crime, Drama, Horror",658284,1/21/2000,Mary Harron
tt0145487,3,1/2/2022,Spider-Man,https://www.imdb.com/title/tt0145487/,movie,7.4,121,2002,"Action, Adventure, Sci-Fi",840489,4/30/2002,Sam Raimi
tt1520211,8,11/25/2019,The Walking Dead,https://www.imdb.com/title/tt1520211/,tvSeries,8.1,44,2010,"Drama, Horror, Thriller",1030146,10/31/2010,
tt1523486,1,5/31/2021,Kolpaçino,https://www.imdb.com/title/tt1523486/,movie,6.5,98,2009,Comedy,13109,10/29/2009,Atil Inaç
tt0015324,8,8/29/2020,Sherlock Jr.,https://www.imdb.com/title/tt0015324/,movie,8.2,45,1924,"Action, Comedy, Romance",52596,4/17/1924,Buster Keaton
tt1534360,8,11/9/2019,Ezel,https://www.imdb.com/title/tt1534360/,tvSeries,8.7,90,2009,"Crime, Drama, Thriller",34628,9/28/2009,
tt1542344,7,4/1/2020,127 Hours,https://www.imdb.com/title/tt1542344/,movie,7.5,94,2010,"Biography, Drama",387235,9/4/2010,Danny Boyle
tt1567448,3,2/20/2022,Yahsi Bati,https://www.imdb.com/title/tt1567448/,movie,7.4,112,2009,"Adventure, Comedy, Fantasy, Western",36935,12/31/2009,Ömer Faruk Sorak
tt15791034,1,5/28/2023,Barbarian,https://www.imdb.com/title/tt15791034/,movie,7,102,2022,"Horror, Mystery, Thriller",149960,8/29/2022,Zach Cregger
tt1587310,7,11/3/2019,Maleficent,https://www.imdb.com/title/tt1587310/,movie,6.9,97,2014,"Adventure, Family, Fantasy, Romance",386809,5/28/2014,Robert Stromberg
tt1645170,4,4/17/2021,The Dictator,https://www.imdb.com/title/tt1645170/,movie,6.4,83,2012,Comedy,319255,5/16/2012,Larry Charles
tt0167260,9,10/16/2019,The Lord of the Rings: The Return of the King,https://www.imdb.com/title/tt0167260/,movie,9,201,2003,"Action, Adventure, Drama, Fantasy",1890322,12/1/2003,Peter Jackson
tt0167261,9,10/16/2019,The Lord of the Rings: The Two Towers,https://www.imdb.com/title/tt0167261/,movie,8.8,179,2002,"Action, Adventure, Drama, Fantasy",1706096,12/5/2002,Peter Jackson
tt1675434,10,2/7/2021,Intouchables,https://www.imdb.com/title/tt1675434/,movie,8.5,112,2011,"Biography, Comedy, Drama",883175,9/23/2011,"Olivier Nakache, Éric Toledano"
tt0169547,8,2/13/2022,American Beauty,https://www.imdb.com/title/tt0169547/,movie,8.3,122,1999,Drama,1174781,9/8/1999,Sam Mendes
tt0170016,5,11/12/2022,How the Grinch Stole Christmas,https://www.imdb.com/title/tt0170016/,movie,6.3,104,2000,"Comedy, Family, Fantasy",268897,11/8/2000,Ron Howard
tt0172495,6,2/9/2021,Gladiator,https://www.imdb.com/title/tt0172495/,movie,8.5,155,2000,"Action, Adventure, Drama",1538749,5/1/2000,Ridley Scott
tt1727824,8,2/18/2020,Bohemian Rhapsody,https://www.imdb.com/title/tt1727824/,movie,7.9,134,2018,"Biography, Drama, Music",557092,10/23/2018,Bryan Singer
tt1790809,6,10/19/2019,Pirates of the Caribbean: Dead Men Tell No Tales,https://www.imdb.com/title/tt1790809/,movie,6.5,129,2017,"Action, Adventure, Fantasy",325401,5/11/2017,"Espen Sandberg, Joachim Rønning"
tt1790864,6,1/16/2020,The Maze Runner,https://www.imdb.com/title/tt1790864/,movie,6.8,113,2014,"Action, Mystery, Sci-Fi, Thriller",484555,9/11/2014,Wes Ball
tt1795096,8,11/9/2019,Behzat Ç.: Bir Ankara Polisiyesi,https://www.imdb.com/title/tt1795096/,tvSeries,8.9,90,2010,"Crime, Drama, Mystery, Thriller",31271,9/19/2010,
tt1800372,7,3/6/2022,Achtste-groepers huilen niet,https://www.imdb.com/title/tt1800372/,movie,7.4,96,2012,"Drama, Family, Sport",3815,2/15/2012,Dennis Bots
tt0180093,8,2/26/2020,Requiem for a Dream,https://www.imdb.com/title/tt0180093/,movie,8.3,102,2000,Drama,862896,5/14/2000,Darren Aronofsky
tt1808223,8,2/19/2020,Kaybedenler Kulübü,https://www.imdb.com/title/tt1808223/,movie,7.5,105,2011,"Comedy, Drama, Romance",24483,3/25/2011,Tolga Örnek
tt0181852,4,2/15/2020,Terminator 3: Rise of the Machines,https://www.imdb.com/title/tt0181852/,movie,6.3,109,2003,"Action, Sci-Fi",408181,6/30/2003,Jonathan Mostow
tt1825683,4,3/17/2020,Black Panther,https://www.imdb.com/title/tt1825683/,movie,7.3,134,2018,"Action, Adventure, Sci-Fi",803471,1/29/2018,Ryan Coogler
tt1839578,9,10/16/2019,Person of Interest,https://www.imdb.com/title/tt1839578/,tvSeries,8.5,43,2011,"Action, Crime, Drama, Mystery, Sci-Fi, Thriller",181624,9/22/2011,
tt1853728,8,12/25/2019,Django Unchained,https://www.imdb.com/title/tt1853728/,movie,8.4,165,2012,"Drama, Western",1602743,12/11/2012,Quentin Tarantino
tt1950186,8,3/29/2020,Ford v Ferrari,https://www.imdb.com/title/tt1950186/,movie,8.1,152,2019,"Action, Biography, Drama, Sport",420868,8/30/2019,James Mangold
tt0195714,2,12/5/2022,Final Destination,https://www.imdb.com/title/tt0195714/,movie,6.7,98,2000,"Horror, Thriller",266062,3/16/2000,James Wong
tt0200654,2,2/15/2020,Gemide,https://www.imdb.com/title/tt0200654/,movie,7.9,102,1998,"Crime, Drama",15336,12/4/1998,Serdar Akar
tt2024544,10,10/28/2019,12 Years a Slave,https://www.imdb.com/title/tt2024544/,movie,8.1,134,2013,"Biography, Drama, History",716699,8/30/2013,Steve McQueen
tt2071645,7,10/19/2019,The Following,https://www.imdb.com/title/tt2071645/,tvSeries,7.4,43,2013,"Crime, Drama, Horror, Mystery, Thriller",89856,1/21/2013,
tt2084970,8,12/29/2019,The Imitation Game,https://www.imdb.com/title/tt2084970/,movie,8,114,2014,"Biography, Drama, Thriller, War",790108,8/29/2014,Morten Tyldum
tt2085059,10,4/23/2020,Black Mirror,https://www.imdb.com/title/tt2085059/,tvSeries,8.8,60,2011,"Drama, Mystery, Sci-Fi, Thriller",576290,12/4/2011,
tt2106476,9,2/25/2020,Jagten,https://www.imdb.com/title/tt2106476/,movie,8.3,115,2012,Drama,342243,5/20/2012,Thomas Vinterberg
tt0211915,9,10/16/2019,Le fabuleux destin d'Amélie Poulain,https://www.imdb.com/title/tt0211915/,movie,8.3,122,2001,"Comedy, Romance",770499,4/25/2001,Jean-Pierre Jeunet
tt0212985,7,1/16/2020,Hannibal,https://www.imdb.com/title/tt0212985/,movie,6.8,131,2001,"Crime, Drama, Thriller",283152,2/9/2001,Ridley Scott
tt2137109,7,12/29/2019,Masters of Sex,https://www.imdb.com/title/tt2137109/,tvSeries,7.9,60,2013,"Drama, Romance",37506,9/29/2013,
tt0213847,3,12/18/2022,Malèna,https://www.imdb.com/title/tt0213847/,movie,7.4,108,2000,"Drama, Romance, War",107024,10/26/2000,Giuseppe Tornatore
tt0021749,8,5/10/2020,City Lights,https://www.imdb.com/title/tt0021749/,movie,8.5,87,1931,"Comedy, Drama, Romance",188804,1/30/1931,Charles Chaplin
tt0217505,7,12/23/2019,Gangs of New York,https://www.imdb.com/title/tt0217505/,movie,7.5,167,2002,"Crime, Drama",454751,12/9/2002,Martin Scorsese
tt2243973,10,1/15/2020,Hannibal,https://www.imdb.com/title/tt2243973/,tvSeries,8.5,44,2013,"Crime, Drama, Horror, Mystery, Thriller",262736,4/4/2013,
tt2304771,6,3/5/2020,Mandela: Long Walk to Freedom,https://www.imdb.com/title/tt2304771/,movie,7.1,141,2013,"Biography, Drama, History",28555,9/7/2013,Justin Chadwick
tt2310332,7,10/19/2019,The Hobbit: The Battle of the Five Armies,https://www.imdb.com/title/tt2310332/,movie,7.4,144,2014,"Adventure, Fantasy",548458,12/1/2014,Peter Jackson
tt0234215,7,10/31/2019,The Matrix Reloaded,https://www.imdb.com/title/tt0234215/,movie,7.2,138,2003,"Action, Sci-Fi",609474,5/7/2003,"Lilly Wachowski, Lana Wachowski"
tt2356777,8,5/20/2023,True Detective,https://www.imdb.com/title/tt2356777/,tvSeries,8.9,55,2014,"Crime, Drama, Mystery, Thriller",596909,1/12/2014,
tt0240772,5,8/30/2022,Ocean's Eleven,https://www.imdb.com/title/tt0240772/,movie,7.7,116,2001,"Crime, Thriller",592488,12/5/2001,Steven Soderbergh
tt0241527,7,1/16/2020,Harry Potter and the Sorcerer's Stone,https://www.imdb.com/title/tt0241527/,movie,7.6,152,2001,"Adventure, Family, Fantasy",811146,11/4/2001,Chris Columbus
tt0242653,7,11/1/2019,The Matrix Revolutions,https://www.imdb.com/title/tt0242653/,movie,6.7,129,2003,"Action, Sci-Fi",526308,10/16/2003,"Lilly Wachowski, Lana Wachowski"
tt2442560,8,7/14/2022,Peaky Blinders,https://www.imdb.com/title/tt2442560/,tvSeries,8.8,60,2013,"Crime, Drama",584063,9/12/2013,
tt0245429,8,3/24/2020,Sen to Chihiro no kamikakushi,https://www.imdb.com/title/tt0245429/,movie,8.6,125,2001,"Animation, Adventure, Family, Fantasy, Mystery",792003,7/20/2001,Hayao Miyazaki
tt2488496,7,1/14/2020,Star Wars: Episode VII - The Force Awakens,https://www.imdb.com/title/tt2488496/,movie,7.8,138,2015,"Action, Adventure, Sci-Fi",948372,12/14/2015,J.J. Abrams
tt0252597,8,5/22/2021,Kibar Feyzo,https://www.imdb.com/title/tt0252597/,movie,8.7,83,1978,"Comedy, Drama",16795,11/30/1978,Atif Yilmaz
tt0252619,3,6/12/2021,Köyden Indim Sehire,https://www.imdb.com/title/tt0252619/,movie,8.3,91,1974,"Adventure, Comedy, Crime",11363,10/31/1974,Ertem Egilmez
tt2527336,6,1/17/2020,Star Wars: Episode VIII - The Last Jedi,https://www.imdb.com/title/tt2527336/,movie,6.9,152,2017,"Action, Adventure, Fantasy, Sci-Fi",648735,12/9/2017,Rian Johnson
tt2527338,3,3/26/2020,Star Wars: Episode IX - The Rise of Skywalker,https://www.imdb.com/title/tt2527338/,movie,6.5,141,2019,"Action, Adventure, Fantasy, Sci-Fi",468651,12/16/2019,J.J. Abrams
tt0253474,9,10/16/2019,The Pianist,https://www.imdb.com/title/tt0253474/,movie,8.5,150,2002,"Biography, Drama, Music, War",857959,5/24/2002,Roman Polanski
tt0253619,5,6/5/2021,Sahte Kabadayi,https://www.imdb.com/title/tt0253619/,movie,7.6,77,1976,Comedy,6121,,Natuk Baytan
tt0253621,7,6/8/2021,Sakar Sakir,https://www.imdb.com/title/tt0253621/,movie,8,81,1977,Comedy,8711,11/30/1977,Natuk Baytan
tt0253623,3,6/14/2021,Salako,https://www.imdb.com/title/tt0253623/,movie,7.4,87,1974,"Adventure, Comedy, Crime, Romance",6338,,Atif Yilmaz
tt0253970,6,1/19/2022,Yüz Numarali Adam,https://www.imdb.com/title/tt0253970/,movie,7.7,79,1978,Comedy,5822,,Osman F. Seden
tt0253997,7,6/7/2021,Çöpçüler Krali,https://www.imdb.com/title/tt0253997/,movie,8.5,80,1977,"Comedy, Romance",20778,12/31/1977,Zeki Ökten
tt2582802,8,3/12/2020,Whiplash,https://www.imdb.com/title/tt2582802/,movie,8.5,106,2014,"Drama, Music",907495,1/16/2014,Damien Chazelle
tt2584384,7,4/12/2020,Jojo Rabbit,https://www.imdb.com/title/tt2584384/,movie,7.9,108,2019,"Comedy, Drama, War",411454,9/8/2019,Taika Waititi
tt0263975,8,6/13/2021,Selvi Boylum Al Yazmalim,https://www.imdb.com/title/tt0263975/,movie,8.5,90,1977,"Drama, Romance",16396,12/31/1977,Atif Yilmaz
tt0264464,8,1/15/2022,Catch Me If You Can,https://www.imdb.com/title/tt0264464/,movie,8.1,141,2002,"Biography, Crime, Drama",1023868,12/16/2002,Steven Spielberg
tt2645092,7,11/3/2019,Hükümet Kadin,https://www.imdb.com/title/tt2645092/,movie,6.5,99,2013,Comedy,8823,1/31/2013,Sermiyan Midyat
tt0266543,7,10/16/2019,Finding Nemo,https://www.imdb.com/title/tt0266543/,movie,8.2,100,2003,"Animation, Adventure, Comedy, Family",1068404,5/18/2003,"Andrew Stanton, Lee Unkrich"
tt0266697,9,10/16/2019,Kill Bill: Vol. 1,https://www.imdb.com/title/tt0266697/,movie,8.2,111,2003,"Action, Crime, Drama, Thriller",1142519,9/29/2003,Quentin Tarantino
tt0267351,1,6/17/2021,Canim Kardesim,https://www.imdb.com/title/tt0267351/,movie,8.7,85,1973,Drama,9858,3/1/1973,Ertem Egilmez
tt0267913,3,11/5/2022,Scooby-Doo,https://www.imdb.com/title/tt0267913/,movie,5.2,89,2002,"Adventure, Comedy, Family, Fantasy, Mystery",119019,6/8/2002,Raja Gosnell
tt0027977,8,3/3/2020,Modern Times,https://www.imdb.com/title/tt0027977/,movie,8.5,87,1936,"Comedy, Drama, Romance",248717,2/5/1936,Charles Chaplin
tt2861424,9,5/3/2020,Rick and Morty,https://www.imdb.com/title/tt2861424/,tvSeries,9.1,23,2013,"Animation, Adventure, Comedy, Sci-Fi",553958,12/2/2013,
tt0289765,7,1/16/2020,Red Dragon,https://www.imdb.com/title/tt0289765/,movie,7.2,124,2002,"Crime, Drama, Thriller",281842,9/30/2002,Brett Ratner
tt0295297,7,1/16/2020,Harry Potter and the Chamber of Secrets,https://www.imdb.com/title/tt0295297/,movie,7.4,161,2002,"Adventure, Family, Fantasy, Mystery",657896,11/3/2002,Chris Columbus
tt3032476,7,7/14/2022,Better Call Saul,https://www.imdb.com/title/tt3032476/,tvSeries,9,46,2015,"Crime, Drama",580312,2/8/2015,
tt0304141,7,1/16/2020,Harry Potter and the Prisoner of Azkaban,https://www.imdb.com/title/tt0304141/,movie,7.9,142,2004,"Adventure, Family, Fantasy, Mystery",656909,5/23/2004,Alfonso Cuarón
tt0031381,6,12/29/2021,Gone with the Wind,https://www.imdb.com/title/tt0031381/,movie,8.2,238,1939,"Drama, Romance, War",322828,12/15/1939,"Sam Wood, George Cukor, Victor Fleming"
tt3142958,6,11/3/2019,Su ve Ates,https://www.imdb.com/title/tt3142958/,movie,6.1,113,2013,"Drama, Romance",4715,11/15/2013,Özcan Deniz
tt0316654,5,1/6/2022,Spider-Man 2,https://www.imdb.com/title/tt0316654/,movie,7.4,127,2004,"Action, Adventure, Sci-Fi",674372,6/25/2004,Sam Raimi
tt0317248,7,12/21/2019,Cidade de Deus,https://www.imdb.com/title/tt0317248/,movie,8.6,130,2002,"Crime, Drama",772034,5/18/2002,"Kátia Lund, Fernando Meirelles"
tt0032553,8,2/13/2022,The Great Dictator,https://www.imdb.com/title/tt0032553/,movie,8.4,125,1940,"Comedy, Drama, War",229047,10/15/1940,Charles Chaplin
tt0325980,8,10/19/2019,Pirates of the Caribbean: The Curse of the Black Pearl,https://www.imdb.com/title/tt0325980/,movie,8.1,143,2003,"Action, Adventure, Fantasy",1155594,6/28/2003,Gore Verbinski
tt3263904,5,12/19/2021,Sully,https://www.imdb.com/title/tt3263904/,movie,7.4,96,2016,"Biography, Drama",283583,9/2/2016,Clint Eastwood
tt3281548,2,7/5/2022,Little Women,https://www.imdb.com/title/tt3281548/,movie,7.8,135,2019,"Drama, Romance",219932,12/7/2019,Greta Gerwig
tt0330373,7,1/16/2020,Harry Potter and the Goblet of Fire,https://www.imdb.com/title/tt0330373/,movie,7.7,157,2005,"Adventure, Family, Fantasy, Mystery",648174,11/6/2005,Mike Newell
tt0332452,5,2/12/2021,Troy,https://www.imdb.com/title/tt0332452/,movie,7.3,163,2004,Drama,549129,5/9/2004,Wolfgang Petersen
tt3348730,6,1/4/2020,Jigsaw,https://www.imdb.com/title/tt3348730/,movie,5.7,92,2017,"Horror, Mystery, Thriller",83697,10/25/2017,"Michael Spierig, Peter Spierig"
tt0340855,4,12/26/2020,Monster,https://www.imdb.com/title/tt0340855/,movie,7.3,109,2003,"Biography, Crime, Drama, Thriller",156202,11/16/2003,Patty Jenkins
tt3420850,4,12/19/2019,Bu Iste Bir Yalnizlik Var,https://www.imdb.com/title/tt3420850/,movie,5.7,122,2013,Romance,1679,12/13/2013,Ketche
tt0034583,5,10/16/2019,Casablanca,https://www.imdb.com/title/tt0034583/,movie,8.5,102,1942,"Drama, Romance, War",584382,11/26/1942,Michael Curtiz
tt3460252,9,11/2/2019,The Hateful Eight,https://www.imdb.com/title/tt3460252/,movie,7.8,168,2015,"Crime, Drama, Mystery, Thriller, Western",624707,12/7/2015,Quentin Tarantino
tt3581920,7,2/19/2023,The Last of Us,https://www.imdb.com/title/tt3581920/,tvSeries,8.8,50,2023,"Action, Adventure, Drama, Horror, Sci-Fi, Thriller",421177,1/15/2023,
tt0361748,8,1/11/2020,Inglourious Basterds,https://www.imdb.com/title/tt0361748/,movie,8.3,153,2009,"Adventure, Drama, War",1494920,5/20/2009,Quentin Tarantino
tt0363163,8,10/16/2019,Der Untergang,https://www.imdb.com/title/tt0363163/,movie,8.2,156,2004,"Biography, Drama, History, War",362814,9/8/2004,Oliver Hirschbiegel
tt0364569,7,3/14/2023,Oldeuboi,https://www.imdb.com/title/tt0364569/,movie,8.4,120,2003,"Action, Drama, Mystery, Thriller",597528,11/21/2003,Park Chan-wook
tt3659388,7,8/4/2020,The Martian,https://www.imdb.com/title/tt3659388/,movie,8,144,2015,"Adventure, Drama, Sci-Fi",880694,9/11/2015,Ridley Scott
tt0367594,5,1/16/2020,Charlie and the Chocolate Factory,https://www.imdb.com/title/tt0367594/,movie,6.7,115,2005,"Adventure, Comedy, Family, Fantasy, Musical",497681,7/10/2005,Tim Burton
tt0367959,6,1/16/2020,Hannibal Rising,https://www.imdb.com/title/tt0367959/,movie,6.1,121,2007,"Adventure, Crime, Drama, Thriller, War",113036,2/7/2007,Peter Webber
tt0372784,8,11/7/2019,Batman Begins,https://www.imdb.com/title/tt0372784/,movie,8.2,140,2005,"Action, Crime, Drama",1505831,5/31/2005,Christopher Nolan
tt0373889,7,1/16/2020,Harry Potter and the Order of the Phoenix,https://www.imdb.com/title/tt0373889/,movie,7.5,138,2007,"Action, Adventure, Family, Fantasy, Mystery",602339,6/28/2007,David Yates
tt3748528,5,1/16/2020,Rogue One,https://www.imdb.com/title/tt3748528/,movie,7.8,133,2016,"Action, Adventure, Sci-Fi",658877,12/10/2016,Gareth Edwards
tt3778644,6,1/19/2020,Solo: A Star Wars Story,https://www.imdb.com/title/tt3778644/,movie,6.9,135,2018,"Action, Adventure, Sci-Fi",361612,5/10/2018,Ron Howard
tt0378194,8,11/2/2019,Kill Bill: Vol. 2,https://www.imdb.com/title/tt0378194/,movie,8,137,2004,"Action, Crime, Thriller",775007,4/8/2004,Quentin Tarantino
tt0383574,7,10/19/2019,Pirates of the Caribbean: Dead Man's Chest,https://www.imdb.com/title/tt0383574/,movie,7.3,151,2006,"Action, Adventure, Fantasy",737832,6/24/2006,Gore Verbinski
tt0384116,7,1/20/2022,G.O.R.A.,https://www.imdb.com/title/tt0384116/,movie,8,127,2004,"Adventure, Comedy, Sci-Fi",64629,11/12/2004,Ömer Faruk Sorak
tt0038650,10,3/16/2020,It's a Wonderful Life,https://www.imdb.com/title/tt0038650/,movie,8.6,130,1946,"Drama, Family, Fantasy, Romance",472849,12/20/1946,Frank Capra
tt0387564,7,1/4/2020,Saw,https://www.imdb.com/title/tt0387564/,movie,7.6,103,2004,"Horror, Mystery, Thriller",435985,1/19/2004,James Wan
tt0401792,8,11/4/2022,Sin City,https://www.imdb.com/title/tt0401792/,movie,8,124,2005,"Crime, Thriller",779724,3/28/2005,"Frank Miller, Quentin Tarantino, Robert Rodriguez"
tt4046784,5,1/16/2020,Maze Runner: The Scorch Trials,https://www.imdb.com/title/tt4046784/,movie,6.3,131,2015,"Action, Adventure, Sci-Fi, Thriller",261422,9/1/2015,Wes Ball
tt0040522,8,6/3/2020,Ladri di biciclette,https://www.imdb.com/title/tt0040522/,movie,8.3,89,1948,Drama,167822,11/21/1948,Vittorio De Sica
tt0407887,8,1/20/2020,The Departed,https://www.imdb.com/title/tt0407887/,movie,8.5,151,2006,"Crime, Drama, Thriller",1358714,9/26/2006,Martin Scorsese
tt0040897,7,11/6/2021,The Treasure of the Sierra Madre,https://www.imdb.com/title/tt0040897/,movie,8.2,126,1948,"Adventure, Drama, Western",128112,1/7/1948,John Huston
tt4102722,1,2/16/2020,The Night Watchmen,https://www.imdb.com/title/tt4102722/,movie,5.4,80,2017,"Action, Comedy, Horror",2823,2/23/2017,Mitchell Altieri
tt0413300,3,1/8/2022,Spider-Man 3,https://www.imdb.com/title/tt0413300/,movie,6.3,139,2007,"Action, Adventure, Sci-Fi",609371,4/3/2007,Sam Raimi
tt0417741,6,1/16/2020,Harry Potter and the Half-Blood Prince,https://www.imdb.com/title/tt0417741/,movie,7.6,153,2009,"Action, Adventure, Family, Fantasy, Mystery",565359,7/6/2009,David Yates
tt0421384,5,4/24/2022,Kurtlar Vadisi,https://www.imdb.com/title/tt0421384/,tvSeries,7.9,60,2003,"Action, Crime, Drama, Thriller",18440,1/15/2003,
tt0043014,8,12/21/2021,Sunset Blvd.,https://www.imdb.com/title/tt0043014/,movie,8.4,110,1950,"Drama, Film-Noir",227253,8/4/1950,Billy Wilder
tt0432348,6,1/4/2020,Saw II,https://www.imdb.com/title/tt0432348/,movie,6.6,93,2005,"Horror, Mystery",260686,10/28/2005,Darren Lynn Bousman
tt0433383,8,1/3/2022,"Good Night, and Good Luck.",https://www.imdb.com/title/tt0433383/,movie,7.4,93,2005,"Biography, Drama, History",99614,9/1/2005,George Clooney
tt0434409,9,10/16/2019,V for Vendetta,https://www.imdb.com/title/tt0434409/,movie,8.2,132,2005,"Action, Drama, Sci-Fi, Thriller",1142113,12/11/2005,James McTeigue
tt0435761,7,3/6/2020,Toy Story 3,https://www.imdb.com/title/tt0435761/,movie,8.3,103,2010,"Animation, Adventure, Comedy, Family, Fantasy",856683,6/12/2010,Lee Unkrich
tt0436992,8,2/24/2020,Doctor Who,https://www.imdb.com/title/tt0436992/,tvSeries,8.6,45,2005,"Adventure, Drama, Sci-Fi",231839,3/26/2005,
tt0438488,3,2/15/2020,Terminator Salvation,https://www.imdb.com/title/tt0438488/,movie,6.5,115,2009,"Action, Adventure, Sci-Fi",369299,5/14/2009,McG
tt0443706,7,2/15/2020,Zodiac,https://www.imdb.com/title/tt0443706/,movie,7.7,157,2007,"Crime, Drama, Mystery, Thriller",562803,2/28/2007,David Fincher
tt0445922,8,3/29/2021,Across the Universe,https://www.imdb.com/title/tt0445922/,movie,7.3,133,2007,"Drama, Fantasy, History, Music, Musical, Romance",112409,9/9/2007,Julie Taymor
tt0449088,7,10/19/2019,Pirates of the Caribbean: At World's End,https://www.imdb.com/title/tt0449088/,movie,7.1,169,2007,"Action, Adventure, Fantasy",667909,5/19/2007,Gore Verbinski
tt4500922,5,1/16/2020,Maze Runner: The Death Cure,https://www.imdb.com/title/tt4500922/,movie,6.2,143,2018,"Action, Adventure, Sci-Fi, Thriller",150029,1/17/2018,Wes Ball
tt0454841,2,4/1/2020,The Hills Have Eyes,https://www.imdb.com/title/tt0454841/,movie,6.4,107,2006,"Horror, Thriller",176978,3/10/2006,Alexandre Aja
tt0455275,7,11/6/2021,Prison Break,https://www.imdb.com/title/tt0455275/,tvSeries,8.3,44,2005,"Action, Crime, Drama, Mystery, Thriller",553053,8/29/2005,
tt4574334,7,7/14/2022,Stranger Things,https://www.imdb.com/title/tt4574334/,tvSeries,8.7,51,2016,"Drama, Fantasy, Horror, Mystery, Sci-Fi, Thriller",1247502,7/11/2016,
tt0458290,8,5/7/2020,Star Wars: The Clone Wars,https://www.imdb.com/title/tt0458290/,tvSeries,8.4,23,2008,"Animation, Action, Adventure, Drama, Fantasy, Sci-Fi",107523,8/15/2008,
tt0458481,5,11/5/2022,Sin City: A Dame to Kill For,https://www.imdb.com/title/tt0458481/,movie,6.5,102,2014,"Action, Crime, Thriller",166091,8/19/2014,"Frank Miller, Robert Rodriguez"
tt0468569,9,12/16/2019,The Dark Knight,https://www.imdb.com/title/tt0468569/,movie,9,152,2008,"Action, Crime, Drama, Thriller",2724081,7/14/2008,Christopher Nolan
tt0469494,8,11/30/2022,There Will Be Blood,https://www.imdb.com/title/tt0469494/,movie,8.2,158,2007,Drama,603301,9/27/2007,Paul Thomas Anderson
tt0469802,8,6/13/2021,Ne Olacak Simdi,https://www.imdb.com/title/tt0469802/,movie,7.5,83,1979,"Comedy, Romance",3168,12/31/1979,Atif Yilmaz
tt0470883,7,3/28/2020,Organize Isler,https://www.imdb.com/title/tt0470883/,movie,7.4,106,2005,"Comedy, Drama",34392,12/22/2005,Yilmaz Erdogan
tt4731136,3,7/3/2022,A Cure for Wellness,https://www.imdb.com/title/tt4731136/,movie,6.4,146,2016,"Drama, Fantasy, Horror, Mystery, Sci-Fi, Thriller",104244,12/10/2016,Gore Verbinski
tt4736550,8,10/22/2019,The Great Hack,https://www.imdb.com/title/tt4736550/,movie,7,114,2019,"Documentary, Biography, History",24414,1/26/2019,"Karim Amer, Jehane Noujaim"
tt0047396,9,4/11/2020,Rear Window,https://www.imdb.com/title/tt0047396/,movie,8.5,112,1954,"Mystery, Thriller",502601,8/1/1954,Alfred Hitchcock
tt0047478,8,12/15/2019,Shichinin no samurai,https://www.imdb.com/title/tt0047478/,movie,8.6,207,1954,"Action, Drama",353335,4/26/1954,Akira Kurosawa
tt0476735,8,1/7/2020,Babam ve Oglum,https://www.imdb.com/title/tt0476735/,movie,8.2,112,2005,"Drama, Family",88434,11/18/2005,Çagan Irmak
tt0477348,6,8/20/2020,No Country for Old Men,https://www.imdb.com/title/tt0477348/,movie,8.2,122,2007,"Crime, Drama, Thriller",1003407,5/19/2007,"Ethan Coen, Joel Coen"
tt0480249,5,12/18/2021,I Am Legend,https://www.imdb.com/title/tt0480249/,movie,7.2,101,2007,"Action, Drama, Horror, Sci-Fi, Thriller",781038,12/5/2007,Francis Lawrence
tt0482571,8,2/6/2021,The Prestige,https://www.imdb.com/title/tt0482571/,movie,8.5,130,2006,"Drama, Mystery, Sci-Fi, Thriller",1366998,10/17/2006,Christopher Nolan
tt0489270,6,1/4/2020,Saw III,https://www.imdb.com/title/tt0489270/,movie,6.2,108,2006,"Horror, Mystery, Thriller",199917,10/26/2006,Darren Lynn Bousman
tt0494816,5,6/17/2021,Salvar Davasi,https://www.imdb.com/title/tt0494816/,movie,7.1,90,1983,Comedy,2661,11/30/1983,Kartal Tibet
tt0494823,7,6/17/2021,Sekerpare,https://www.imdb.com/title/tt0494823/,movie,7.9,90,1983,"Comedy, History, Romance",6657,,Atif Yilmaz
tt0495241,7,1/16/2020,Saw,https://www.imdb.com/title/tt0495241/,short,7.4,9,2003,"Short, Horror, Thriller",11750,12/31/2003,James Wan
tt0050083,8,11/23/2019,12 Angry Men,https://www.imdb.com/title/tt0050083/,movie,9,96,1957,"Crime, Drama",814807,4/10/1957,Sidney Lumet
tt5013056,7,1/9/2022,Dunkirk,https://www.imdb.com/title/tt5013056/,movie,7.8,106,2017,"Action, Drama, History, Thriller, War",683849,7/13/2017,Christopher Nolan
tt0050212,8,12/30/2021,The Bridge on the River Kwai,https://www.imdb.com/title/tt0050212/,movie,8.1,161,1957,"Adventure, Drama, War",225934,10/2/1957,David Lean
tt5052448,5,3/13/2020,Get Out,https://www.imdb.com/title/tt5052448/,movie,7.8,104,2017,"Horror, Mystery, Thriller",642257,1/23/2017,Jordan Peele
tt5074352,6,4/15/2020,Dangal,https://www.imdb.com/title/tt5074352/,movie,8.3,161,2016,"Action, Biography, Drama, Sport",197716,12/21/2016,Nitesh Tiwari
tt0050825,9,4/16/2020,Paths of Glory,https://www.imdb.com/title/tt0050825/,movie,8.4,88,1957,"Drama, War",202525,11/1/1957,Stanley Kubrick
tt0050976,7,1/29/2022,Det sjunde inseglet,https://www.imdb.com/title/tt0050976/,movie,8.1,96,1957,"Drama, Fantasy",190173,2/16/1957,Ingmar Bergman
tt0051201,8,7/7/2020,Witness for the Prosecution,https://www.imdb.com/title/tt0051201/,movie,8.4,116,1957,"Crime, Drama, Mystery, Thriller",129789,12/17/1957,Billy Wilder
tt0051808,7,12/22/2021,Kakushi-toride no san-akunin,https://www.imdb.com/title/tt0051808/,movie,8.1,139,1958,"Action, Adventure, Drama",40511,12/28/1958,Akira Kurosawa
tt5229228,7,3/28/2020,Iftarlik Gazoz,https://www.imdb.com/title/tt5229228/,movie,7.4,115,2016,"Comedy, Drama",14865,1/29/2016,Yüksel Aksu
tt0052357,6,3/3/2020,Vertigo,https://www.imdb.com/title/tt0052357/,movie,8.3,128,1958,"Mystery, Romance, Thriller",411396,5/9/1958,Alfred Hitchcock
tt5290382,6,8/27/2020,Mindhunter,https://www.imdb.com/title/tt5290382/,tvSeries,8.6,60,2017,"Crime, Drama, Mystery, Thriller",307114,10/13/2017,
tt5311514,7,1/30/2021,Kimi no na wa.,https://www.imdb.com/title/tt5311514/,movie,8.4,106,2016,"Animation, Drama, Fantasy, Romance",288150,7/3/2016,Makoto Shinkai
tt0054215,7,6/8/2020,Psycho,https://www.imdb.com/title/tt0054215/,movie,8.5,109,1960,"Horror, Mystery, Thriller",688822,6/16/1960,Alfred Hitchcock
tt0055031,7,2/20/2022,Judgment at Nuremberg,https://www.imdb.com/title/tt0055031/,movie,8.3,179,1961,"Drama, War",80124,12/14/1961,Stanley Kramer
tt0055630,6,3/15/2023,Yôjinbô,https://www.imdb.com/title/tt0055630/,movie,8.2,110,1961,"Action, Drama, Thriller",126051,4/25/1961,Akira Kurosawa
tt0056058,9,3/26/2020,Seppuku,https://www.imdb.com/title/tt0056058/,movie,8.6,133,1962,"Action, Drama, Mystery",61225,9/16/1962,Masaki Kobayashi
tt0056111,8,3/14/2020,Ivanovo detstvo,https://www.imdb.com/title/tt0056111/,movie,8,95,1962,"Drama, War",38160,4/6/1962,"Eduard Abalov, Andrei Tarkovsky"
tt0056172,9,3/6/2020,Lawrence of Arabia,https://www.imdb.com/title/tt0056172/,movie,8.3,218,1962,"Adventure, Biography, Drama, War",301648,12/10/1962,David Lean
tt0056193,7,4/17/2020,Lolita,https://www.imdb.com/title/tt0056193/,movie,7.5,153,1962,"Crime, Drama, Romance",105027,6/13/1962,Stanley Kubrick
tt0056443,7,1/30/2021,Tsubaki Sanjûrô,https://www.imdb.com/title/tt0056443/,movie,8,96,1962,"Action, Drama, Thriller",39502,1/1/1962,Akira Kurosawa
tt0056751,8,10/19/2019,Doctor Who,https://www.imdb.com/title/tt0056751/,tvSeries,8.4,45,1963,"Adventure, Drama, Family, Sci-Fi",38192,11/23/1963,
tt0057012,8,4/16/2020,Dr. Strangelove or: How I Learned to Stop Worrying and Love the Bomb,https://www.imdb.com/title/tt0057012/,movie,8.4,95,1964,"Comedy, War",501035,1/29/1964,Stanley Kubrick
tt0057115,6,12/20/2020,The Great Escape,https://www.imdb.com/title/tt0057115/,movie,8.2,172,1963,"Adventure, Drama, History, Thriller, War",249807,6/20/1963,John Sturges
tt5727208,7,2/19/2020,Uncut Gems,https://www.imdb.com/title/tt5727208/,movie,7.4,135,2019,"Crime, Drama, Thriller",297753,8/30/2019,"Benny Safdie, Josh Safdie"
tt0058461,7,2/4/2020,Per un pugno di dollari,https://www.imdb.com/title/tt0058461/,movie,7.9,99,1964,"Action, Drama, Western",223746,9/12/1964,Sergio Leone
tt0059578,8,12/24/2019,Per qualche dollaro in più,https://www.imdb.com/title/tt0059578/,movie,8.2,132,1965,"Drama, Western",263174,12/18/1965,Sergio Leone
tt0060107,9,6/6/2020,Andrey Rublyov,https://www.imdb.com/title/tt0060107/,movie,8.1,205,1966,"Biography, Drama, History",55259,12/16/1966,Andrei Tarkovsky
tt0060196,9,12/25/2019,"Il buono, il brutto, il cattivo",https://www.imdb.com/title/tt0060196/,movie,8.8,161,1966,"Adventure, Western",778523,12/23/1966,Sergio Leone
tt6155172,8,3/17/2020,Roma,https://www.imdb.com/title/tt6155172/,movie,7.7,135,2018,Drama,163891,8/30/2018,Alfonso Cuarón
tt0062622,8,5/26/2020,2001: A Space Odyssey,https://www.imdb.com/title/tt0062622/,movie,8.3,149,1968,"Adventure, Sci-Fi",686677,4/2/1968,Stanley Kubrick
tt6394270,7,3/28/2020,Bombshell,https://www.imdb.com/title/tt6394270/,movie,6.8,109,2019,"Biography, Drama",120468,12/13/2019,Jay Roach
tt0064116,7,12/25/2019,C'era una volta il West,https://www.imdb.com/title/tt0064116/,movie,8.5,165,1968,Western,337598,12/20/1968,Sergio Leone
tt0066921,8,10/16/2019,A Clockwork Orange,https://www.imdb.com/title/tt0066921/,movie,8.3,136,1971,"Crime, Sci-Fi",849083,12/19/1971,Stanley Kubrick
tt6751668,9,3/22/2020,Gisaengchung,https://www.imdb.com/title/tt6751668/,movie,8.5,132,2019,"Drama, Thriller",858158,5/21/2019,Bong Joon Ho
tt0068646,10,10/16/2019,The Godfather,https://www.imdb.com/title/tt0068646/,movie,9.2,175,1972,"Crime, Drama",1913852,3/14/1972,Francis Ford Coppola
tt0068699,6,9/10/2022,High Plains Drifter,https://www.imdb.com/title/tt0068699/,movie,7.4,105,1973,"Drama, Mystery, Western",61070,4/6/1973,Clint Eastwood
tt6966692,9,12/20/2020,Green Book,https://www.imdb.com/title/tt6966692/,movie,8.2,130,2018,"Biography, Comedy, Drama, Music",520826,9/11/2018,Peter Farrelly
tt7125860,7,3/11/2020,If Beale Street Could Talk,https://www.imdb.com/title/tt7125860/,movie,7.1,119,2018,"Drama, Romance",50801,9/9/2018,Barry Jenkins
tt0071315,6,11/2/2022,Chinatown,https://www.imdb.com/title/tt0071315/,movie,8.2,130,1974,"Drama, Mystery, Thriller",335209,6/19/1974,Roman Polanski
tt7131622,6,2/6/2020,Once Upon a Time in... Hollywood,https://www.imdb.com/title/tt7131622/,movie,7.6,161,2019,"Comedy, Drama",780106,5/21/2019,Quentin Tarantino
tt0071562,9,10/16/2019,The Godfather Part II,https://www.imdb.com/title/tt0071562/,movie,9,202,1974,"Crime, Drama",1303358,12/12/1974,Francis Ford Coppola
tt7221896,1,11/3/2019,Cumali Ceber: Allah Seni Alsin,https://www.imdb.com/title/tt7221896/,movie,1,100,2017,Comedy,39201,8/4/2017,Gökhan Gök
tt0072684,8,11/19/2022,Barry Lyndon,https://www.imdb.com/title/tt0072684/,movie,8.1,185,1975,"Adventure, Drama, War",174078,12/11/1975,Stanley Kubrick
tt7286456,8,10/16/2019,Joker,https://www.imdb.com/title/tt7286456/,movie,8.4,122,2019,"Crime, Drama, Thriller",1358846,8/31/2019,Todd Phillips
tt0073486,8,10/26/2019,One Flew Over the Cuckoo's Nest,https://www.imdb.com/title/tt0073486/,movie,8.7,133,1975,Drama,1030230,11/19/1975,Milos Forman
tt7349662,8,2/29/2020,BlacKkKlansman,https://www.imdb.com/title/tt7349662/,movie,7.5,135,2018,"Biography, Comedy, Crime, Drama",274350,5/14/2018,Spike Lee
tt7366338,10,1/1/2020,Chernobyl,https://www.imdb.com/title/tt7366338/,tvMiniSeries,9.4,330,2019,"Drama, History, Thriller",800509,5/6/2019,
tt7399138,1,1/11/2022,Recep Ivedik 6,https://www.imdb.com/title/tt7399138/,movie,2.9,110,2019,Comedy,8144,11/7/2019,Togan Gökbakar
tt0075314,7,12/9/2021,Taxi Driver,https://www.imdb.com/title/tt0075314/,movie,8.2,114,1976,"Crime, Drama",866123,2/8/1976,Martin Scorsese
tt7549996,2,3/29/2020,Judy,https://www.imdb.com/title/tt7549996/,movie,6.8,118,2019,"Biography, Drama, Music, Romance",52864,8/30/2019,Rupert Goold
tt7653254,7,1/21/2020,Marriage Story,https://www.imdb.com/title/tt7653254/,movie,7.9,137,2019,"Drama, Romance",325341,8/29/2019,Noah Baumbach
tt7668842,1,11/3/2019,Enes Batur Hayal mi Gerçek mi?,https://www.imdb.com/title/tt7668842/,movie,2,110,2018,Comedy,55709,1/19/2018,Kamil Cetin
tt0076759,8,1/9/2020,Star Wars,https://www.imdb.com/title/tt0076759/,movie,8.6,121,1977,"Action, Adventure, Fantasy, Sci-Fi",1395845,5/25/1977,George Lucas
tt7713068,1,3/14/2021,Birds of Prey and the Fantabulous Emancipation of One Harley Quinn,https://www.imdb.com/title/tt7713068/,movie,6.1,109,2020,"Action, Comedy, Crime",250154,1/25/2020,Cathy Yan
tt0077416,8,1/25/2022,The Deer Hunter,https://www.imdb.com/title/tt0077416/,movie,8.1,183,1978,"Drama, War",347141,12/8/1978,Michael Cimino
tt0078748,7,10/21/2021,Alien,https://www.imdb.com/title/tt0078748/,movie,8.5,117,1979,"Horror, Sci-Fi",904947,5/25/1979,Ridley Scott
tt0078788,8,12/23/2021,Apocalypse Now,https://www.imdb.com/title/tt0078788/,movie,8.4,147,1979,"Drama, Mystery, War",683156,5/19/1979,Francis Ford Coppola
tt0079116,5,9/12/2022,Escape from Alcatraz,https://www.imdb.com/title/tt0079116/,movie,7.6,112,1979,"Action, Biography, Crime, Drama, Thriller",141937,6/22/1979,Don Siegel
tt7920978,8,2/17/2020,Sahsiyet,https://www.imdb.com/title/tt7920978/,tvMiniSeries,9,65,2018,"Crime, Drama, Mystery, Thriller",43480,3/17/2018,
tt0079944,8,3/11/2021,Stalker,https://www.imdb.com/title/tt0079944/,movie,8.1,162,1979,"Drama, Sci-Fi",138654,5/31/1979,Andrei Tarkovsky
tt0800069,1,4/1/2020,The Hills Have Eyes II,https://www.imdb.com/title/tt0800069/,movie,5.1,89,2007,"Horror, Thriller",65942,3/16/2007,Martin Weisz
tt0080684,9,1/11/2020,Star Wars: Episode V - The Empire Strikes Back,https://www.imdb.com/title/tt0080684/,movie,8.7,124,1980,"Action, Adventure, Fantasy, Sci-Fi",1323496,5/17/1980,Irvin Kershner
tt0080761,3,2/25/2020,Friday the 13th,https://www.imdb.com/title/tt0080761/,movie,6.4,95,1980,"Horror, Mystery, Thriller",146617,5/9/1980,Sean S. Cunningham
tt0080979,6,5/19/2022,Kagemusha,https://www.imdb.com/title/tt0080979/,movie,7.9,180,1980,"Drama, History, War",36872,4/23/1980,Akira Kurosawa
tt8111088,7,4/23/2023,The Mandalorian,https://www.imdb.com/title/tt8111088/,tvSeries,8.7,40,2019,"Action, Adventure, Fantasy, Sci-Fi",547880,11/12/2019,
tt0081505,7,4/12/2020,The Shining,https://www.imdb.com/title/tt0081505/,movie,8.4,146,1980,"Drama, Horror",1051176,5/23/1980,Stanley Kubrick
tt0816692,7,10/16/2019,Interstellar,https://www.imdb.com/title/tt0816692/,movie,8.7,169,2014,"Adventure, Drama, Sci-Fi",1916872,10/26/2014,Christopher Nolan
tt0082096,9,8/17/2020,Das Boot,https://www.imdb.com/title/tt0082096/,movie,8.4,149,1981,"Drama, War",255948,9/17/1981,Wolfgang Petersen
tt8228288,5,4/19/2020,El hoyo,https://www.imdb.com/title/tt8228288/,movie,7,94,2019,"Horror, Sci-Fi, Thriller",246610,9/6/2019,Galder Gaztelu-Urrutia
tt0082971,5,4/1/2021,Raiders of the Lost Ark,https://www.imdb.com/title/tt0082971/,movie,8.4,115,1981,"Action, Adventure",989313,6/12/1981,Steven Spielberg
tt0083944,5,4/7/2021,First Blood,https://www.imdb.com/title/tt0083944/,movie,7.7,93,1982,"Action, Adventure, Thriller",262726,10/22/1982,Ted Kotcheff
tt8404614,8,2/15/2020,The Two Popes,https://www.imdb.com/title/tt8404614/,movie,7.6,125,2019,"Biography, Comedy, Drama",128329,8/31/2019,Fernando Meirelles
tt8503618,6,3/23/2021,Hamilton,https://www.imdb.com/title/tt8503618/,movie,8.4,160,2020,"Biography, Drama, History, Musical",101940,7/3/2020,Thomas Kail
tt8579674,7,2/16/2020,1917,https://www.imdb.com/title/tt8579674/,movie,8.2,119,2019,"Action, Drama, War",623054,12/4/2019,Sam Mendes
tt0086190,7,1/12/2020,Star Wars: Episode VI - Return of the Jedi,https://www.imdb.com/title/tt0086190/,movie,8.3,131,1983,"Action, Adventure, Fantasy, Sci-Fi",1079375,5/23/1983,Richard Marquand
tt0086250,8,3/16/2020,Scarface,https://www.imdb.com/title/tt0086250/,movie,8.3,170,1983,"Crime, Drama",867810,12/1/1983,Brian De Palma
tt0086567,4,10/17/2022,WarGames,https://www.imdb.com/title/tt0086567/,movie,7.1,114,1983,"Action, Drama, Sci-Fi, Thriller",104637,5/19/1983,John Badham
tt0087800,7,2/24/2020,A Nightmare on Elm Street,https://www.imdb.com/title/tt0087800/,movie,7.4,91,1984,Horror,248684,10/31/1984,Wes Craven
tt0087843,8,2/18/2020,Once Upon a Time in America,https://www.imdb.com/title/tt0087843/,movie,8.3,229,1984,"Crime, Drama",360937,5/20/1984,Sergio Leone
tt0088247,8,3/26/2020,The Terminator,https://www.imdb.com/title/tt0088247/,movie,8.1,107,1984,"Action, Sci-Fi",886979,10/26/1984,James Cameron
tt0088763,8,5/11/2020,Back to the Future,https://www.imdb.com/title/tt0088763/,movie,8.5,116,1985,"Adventure, Comedy, Sci-Fi",1241487,7/3/1985,Robert Zemeckis
tt0890870,5,1/16/2020,Saw IV,https://www.imdb.com/title/tt0890870/,movie,5.9,93,2007,"Horror, Mystery, Thriller",155301,10/25/2007,Darren Lynn Bousman
tt0892769,7,10/30/2019,How to Train Your Dragon,https://www.imdb.com/title/tt0892769/,movie,8.1,98,2010,"Animation, Action, Adventure, Comedy, Family, Fantasy",762896,3/18/2010,"Chris Sanders, Dean DeBlois"
tt0089881,10,12/27/2020,Ran,https://www.imdb.com/title/tt0089881/,movie,8.2,162,1985,"Action, Drama, War",129460,5/25/1985,Akira Kurosawa
tt0903624,7,12/20/2019,The Hobbit: An Unexpected Journey,https://www.imdb.com/title/tt0903624/,movie,7.8,169,2012,"Adventure, Fantasy",844884,11/28/2012,Peter Jackson
tt0903747,7,4/26/2021,Breaking Bad,https://www.imdb.com/title/tt0903747/,tvSeries,9.5,49,2008,"Crime, Drama, Thriller",1986158,1/20/2008,
tt9244578,4,2/2/2020,Rise of Empires: Ottoman,https://www.imdb.com/title/tt9244578/,tvSeries,7.9,44,2020,"Documentary, Drama, History, War",28441,1/24/2020,
tt0926084,8,10/19/2019,Harry Potter and the Deathly Hallows: Part 1,https://www.imdb.com/title/tt0926084/,movie,7.7,146,2010,"Adventure, Family, Fantasy, Mystery",568971,11/11/2010,David Yates
tt9278408,8,11/3/2019,Bozkir,https://www.imdb.com/title/tt9278408/,tvSeries,8,50,2018,"Crime, Drama, Mystery",3319,11/30/2018,
tt0093058,8,10/28/2019,Full Metal Jacket,https://www.imdb.com/title/tt0093058/,movie,8.3,116,1987,"Drama, War",759995,6/17/1987,Stanley Kubrick
tt0948470,2,2/15/2022,The Amazing Spider-Man,https://www.imdb.com/title/tt0948470/,movie,6.9,136,2012,"Action, Adventure, Sci-Fi",674026,6/13/2012,Marc Webb
tt0095327,7,3/26/2020,Hotaru no haka,https://www.imdb.com/title/tt0095327/,movie,8.5,89,1988,"Animation, Drama, War",288127,4/16/1988,Isao Takahata
tt0096895,7,11/6/2019,Batman,https://www.imdb.com/title/tt0096895/,movie,7.5,126,1989,"Action, Adventure",388205,6/19/1989,Tim Burton
tt9731534,1,7/5/2022,The Night House,https://www.imdb.com/title/tt9731534/,movie,6.5,107,2020,"Horror, Mystery, Thriller",60163,1/24/2020,David Bruckner
tt0097576,4,4/6/2021,Indiana Jones and the Last Crusade,https://www.imdb.com/title/tt0097576/,movie,8.2,127,1989,"Action, Adventure",772925,5/24/1989,Steven Spielberg
tt0993846,8,2/17/2020,The Wolf of Wall Street,https://www.imdb.com/title/tt0993846/,movie,8.2,180,2013,"Biography, Comedy, Crime, Drama",1466930,12/9/2013,Martin Scorsese
tt0099685,8,12/17/2019,GoodFellas,https://www.imdb.com/title/tt0099685/,movie,8.7,145,1990,"Biography, Crime, Drama",1194194,9/9/1990,Martin Scorsese
